url,ts
https://soundcloud.com/eptic/eptic-x-marauda-wall-of-death,02:11
https://soundcloud.com/vanmmusic/feet,02:46
https://soundcloud.com/dumdumdubs/subfiltronik-passout-ft-skullion-shadez-dum-dum-remix-vip-4-flip,00:20
https://soundcloud.com/akeos/nexusloop,00:50
https://soundcloud.com/subsidia/caster-the-arcturians-on-the-verge,01:56
https://soundcloud.com/skren-dubstep/do-you-like-jungle-or-drum-n,00:18
https://soundcloud.com/sefadj/destructive-tendencies-warface-release-the-kraken-sefa-remix,00:46
https://soundcloud.com/sefadj/sefa-live-defqon1-2019-full-set-red-stage,01:03
https://soundcloud.com/officialnoughts/death-pit-remix,00:20
